[
  {
    "id": "235235f0-499e-499b-8093-a32f3a8dcbe7",
    "data": [
      {
        "text": "find me a ride to ",
        "userDefined": false
      },
      {
        "text": "Panera Bread",
        "alias": "location",
        "meta": "@sys.location",
        "userDefined": true
      },
      {
        "text": " ",
        "userDefined": false
      },
      {
        "text": "in an hour",
        "alias": "date-time",
        "meta": "@sys.date-time",
        "userDefined": true
      },
      {
        "text": ".",
        "userDefined": false
      }
    ],
    "isTemplate": false,
    "count": 0,
    "updated": 0
  },
  {
    "id": "8e28d99c-79e6-4a5f-a19c-92eef19d7e4c",
    "data": [
      {
        "text": "Find me a buddy to go to ",
        "userDefined": false
      },
      {
        "text": "McDonald",
        "alias": "location",
        "meta": "@sys.location",
        "userDefined": true
      },
      {
        "text": " ",
        "userDefined": false
      },
      {
        "text": "tonight at 9PM",
        "alias": "date-time",
        "meta": "@sys.date-time",
        "userDefined": true
      }
    ],
    "isTemplate": false,
    "count": 0,
    "updated": 0
  },
  {
    "id": "375d8648-7573-4c9b-862a-4e5342ad26ee",
    "data": [
      {
        "text": "I\u0027m going to ",
        "userDefined": false
      },
      {
        "text": "Duke University",
        "alias": "location",
        "meta": "@sys.location",
        "userDefined": true
      },
      {
        "text": " ",
        "userDefined": false
      },
      {
        "text": "at 8AM tomorrow morning",
        "alias": "date-time",
        "meta": "@sys.date-time",
        "userDefined": false
      },
      {
        "text": ".",
        "userDefined": false
      }
    ],
    "isTemplate": false,
    "count": 0,
    "updated": 0
  },
  {
    "id": "edfcc868-df2e-47ec-9bde-fe89230e1257",
    "data": [
      {
        "text": "Can you find me a ride to ",
        "userDefined": false
      },
      {
        "text": "540 Copley Pl",
        "alias": "location",
        "meta": "@sys.location",
        "userDefined": false
      },
      {
        "text": " for ",
        "userDefined": false
      },
      {
        "text": "8PM tonight",
        "alias": "date-time",
        "meta": "@sys.date-time",
        "userDefined": false
      },
      {
        "text": "?",
        "userDefined": false
      }
    ],
    "isTemplate": false,
    "count": 0,
    "updated": 0
  },
  {
    "id": "c5325b33-421b-4a7e-887e-7490d9c65dad",
    "data": [
      {
        "text": "I want to go to ",
        "userDefined": false
      },
      {
        "text": "5 gibson court",
        "alias": "location",
        "meta": "@sys.location",
        "userDefined": false
      },
      {
        "text": " ",
        "userDefined": false
      },
      {
        "text": "in 30 minutes",
        "alias": "date-time",
        "meta": "@sys.date-time",
        "userDefined": false
      },
      {
        "text": ".",
        "userDefined": false
      }
    ],
    "isTemplate": false,
    "count": 0,
    "updated": 0
  },
  {
    "id": "4904cf0f-fff1-4e02-879a-236546c98e5c",
    "data": [
      {
        "text": "Find me a carpool to a ",
        "userDefined": false
      },
      {
        "text": "starbucks",
        "alias": "location",
        "meta": "@sys.location",
        "userDefined": true
      },
      {
        "text": " ",
        "userDefined": false
      },
      {
        "text": "in 10 minutes",
        "alias": "date-time",
        "meta": "@sys.date-time",
        "userDefined": false
      },
      {
        "text": ".",
        "userDefined": false
      }
    ],
    "isTemplate": false,
    "count": 0,
    "updated": 0
  },
  {
    "id": "f8b8ff46-f637-4dfa-bb81-bbdc27e54b22",
    "data": [
      {
        "text": "find me a carpool to ",
        "userDefined": false
      },
      {
        "text": "starbucks",
        "alias": "location",
        "meta": "@sys.location",
        "userDefined": true
      },
      {
        "text": " for 2PM.",
        "userDefined": false
      }
    ],
    "isTemplate": false,
    "count": 0,
    "updated": 0
  }
]