[
  {
    "id": "8b4ffacb-7cb5-4e90-befc-0447b04c19a8",
    "data": [
      {
        "text": "any new driver for my carpooling?",
        "userDefined": false
      }
    ],
    "isTemplate": false,
    "count": 0,
    "updated": 0
  },
  {
    "id": "3fa694a4-9bd6-4214-b663-866dfca8a52a",
    "data": [
      {
        "text": "any updates on my carpooling?",
        "userDefined": false
      }
    ],
    "isTemplate": false,
    "count": 0,
    "updated": 0
  },
  {
    "id": "abebebad-a4c1-4a20-8ccf-c7f171811fcd",
    "data": [
      {
        "text": "what is my carpooling status",
        "userDefined": false
      }
    ],
    "isTemplate": false,
    "count": 0,
    "updated": 0
  },
  {
    "id": "cc99c462-b7f5-4c99-b0ec-2ceae4c52536",
    "data": [
      {
        "text": "Did you find the one?",
        "userDefined": false
      }
    ],
    "isTemplate": false,
    "count": 0,
    "updated": 0
  },
  {
    "id": "1f90a6dd-979a-4905-96e6-93a0adf8f288",
    "data": [
      {
        "text": "Did you find ",
        "userDefined": false
      },
      {
        "text": "one",
        "meta": "@sys.ignore",
        "userDefined": false
      },
      {
        "text": "?",
        "userDefined": false
      }
    ],
    "isTemplate": false,
    "count": 0,
    "updated": 0
  },
  {
    "id": "61f873c0-edb3-4a30-bb9d-92f0a266eb78",
    "data": [
      {
        "text": "What\u0027s up with my carpool",
        "userDefined": false
      }
    ],
    "isTemplate": false,
    "count": 0,
    "updated": 0
  },
  {
    "id": "143e495c-dc62-457e-8d39-720c6d7b7430",
    "data": [
      {
        "text": "Have you found a driver for me?",
        "userDefined": false
      }
    ],
    "isTemplate": false,
    "count": 0,
    "updated": 0
  },
  {
    "id": "a5d3fab7-0d14-4a88-8add-4061da957a99",
    "data": [
      {
        "text": "Is there any updates on my carpool?",
        "userDefined": false
      }
    ],
    "isTemplate": false,
    "count": 0,
    "updated": 0
  }
]